company_name,company_website
Clustermarket,clustermarket.com
SixBerries,sixberries.com
Freespee,free-spee.de
Crover,croverinc.com
Reactivemarkets,reactivemarkets.com
Vidsy,vidsy.co
The World's Online Festival,
The Dot Collective,thedotcollective.net
Aim LTD,aimltd.uk
Nourish,nourishstore.co.in
Craft Docs,
Resonate,resonate.com
Bamboo Auctions,bambooauctions.com
Rothesay,rothesay.com
ContactEngine,contactengine.com
Into Bridge,intobridge.com
IQGeo,iqgeo.com
AppExpert,appexpert.co.za
Applied Blockchain,appliedblockchain.com
Automated Creative,automatedcreative.net
Axiom Software Solutions,axiomsoftwaresolutions.com
Kalepa,kalepa.com
SplitMetrics,splitmetrics.com
Durlston Partners LLP,durlstonpartners.com
SEFE Marketing & Trading Ltd,sefe-mt.com
Pagos Solutions,pagos.ai
CodeFirstGirls,codefirstgirls.com
FYLD,fyld.ai
Mesmerise,mesmerise.it
Charle,charlezine.com.br
Cog Design,cogdesign.com
Yellow Sub Hydro,yellowsubhydro.com
,wishup.co
,bakkavor.com
,umass.edu
,magairports.com
,safeguardglobal.com
,wpp.com
,groupm.com
Animal Friends,animalfriends.co.uk
Automated Creative,automatedcreative.net
,mediatonicgames.com
COMO,como.london
,tritonexec.com
,x.ai
,updata.com
IQGeo,iqgeo.com
Token Media,token.com
Ardagh Group,ardaghgroup.com
Brick Group,onebrick.io
HekaHappy,hekahappy.com
Utility Warehouse Limited,uw.co.uk
IntoBridge,intobridge.com
Automated Creative,automatedcreative.net
,near.org
,vertumotors.com
,clickmechanic.com
,thebodyshop.com
IQGeo,iqgeo.com
Ardagh Group,ardaghgroup.com
Brick Group,onebrick.io
Durlston Partners LLP,durlstonpartners.com
SEFE Marketing & Trading Ltd,sefe-mt.com
Pagos Solutions,pagos.ai
CodeFirstGirls,codefirstgirls.com
FYLD,fyld.ai
Mesmerise,mesmerise.it
Charle,charlezine.com.br
Cog Design,cogdesign.com
Yellow Sub Hydro,yellowsubhydro.com
,wishup.co
,bakkavor.com
,umass.edu
,magairports.com
,safeguardglobal.com
,wpp.com
,groupm.com
Animal Friends,animalfriends.co.uk
Automated Creative,automatedcreative.net
,mediatonicgames.com
COMO,como.london
,tritonexec.com
,x.ai
,updata.com
IQGeo,iqgeo.com
Token Media,token.com
Ardagh Group,ardaghgroup.com
Brick Group,onebrick.io
HekaHappy,hekahappy.com
Utility Warehouse Limited,uw.co.uk
,
IntoBridge,intobridge.com
,helpmesettle.co.uk
,sedaa.net
,valr.com
,zip.co
,hamilton-barnes.com
,itechpost.com
,thegradcafe.com
,remotework.fyi
,startops.network
,blueprint30.com
,towardsai.net
,qpaso.ar
,aisafety.com
,dnacapital.com
,ucertify.com
,accelercomm.com
,1-2-3.tv
,visa.se
,visa.com.bz
,visa.ca
,aaf.org
,abrdn.com
,addsource.ca
,abbott.in
,trysavvy.co
,leadoutcapital.com
,dronetalks.online
,mercator.group
,tezos.com
,glideapps.com
,hashtagweb3.org
,laravel.com
,lessestwrong.com
,shardeum.org
,tapestry.vc
,arbitrum.io
,6point6.co.uk
,protocol.ai
,crane.vc
,huntsbot.com
,kappaalphapsi1911.com
,flexrem.com
,credible.com
,blackwomenintech.com
,alternativecreditinvestor.com
,makersfund.com
,python.org
,up.partners
,moonhub.ai
,01a.com
,owlvc.com
,hilti.es
,bloomberg.jobs
,scienceabode.com
,hilti.ch
,hilti.ca
,hilti.com.mx
,visa.gp
,amazon.science
,halian.com
,iquad.com
,fr.abbott
,hilti.lu
,vitalaire.ca
,evolverinc.com
,nice.com
,brightgrove.com
,cornerstonevc.co
,guidepointsecurity.com
,f3learning.com
,brightnetwork.co.uk
,zincwork.com
,rubio.vc
,lionheart.vc
,biofiredx.com
,airproducts.nl
,uplight.com
,moodys.com
,lumen.com
,magnify.vc
,astanor.com
,pennyjar.com
,carwow.co.uk
,hilti.at
,gehealthcare.com
,spgroup.com.sg
,veteransengineering.net
,dobackflip.com
,linxglobal.com
,powerhouse.fund
,itechcp.com
,transamerica.com
,gethealthie.com
,updater.com
,cbinsights.com
,td.com
,angelesinvestors.com
,tfin.com
,teledyneisco.com
,retym.com
,testqtech.com
,sydecar.io
,angelesinvestors.com
,bnbchain.org
,eth-gethired.ch
,500.co
,futuresight.ventures
,blankfactor.com
,CAKE.com
,forensicfocus.com
,pcgamesinsider.biz
,velocityglobal.com
,digitalassetmanagementnews.org
,degasafrica.com
,mheducation.com
,libertymutualgroup.com
,ziplines.com
,lgbtgreat.com
,bnbchain.org
,wallet.tg
,sui.io
,sosv.com
,near.org
,sosv.com
,lightricks.com
,greenhouseschoolwebsites.co.uk
Cross Talent Solutions,crosstalentsolutions.com
Awesomic,awesomic.com
Sui Foundation,sui.io
,volt.capital
,optiwatt.com
Spinning Fox,spinningfox.com
,activate.org
Hunter Bond Ltd,hunterbond.com
SproutsAI Inc.,sproutsai.com
Astirit,astirit.com
Locke44,locke44.com
FocusKPI,focuskpi.com
Longevitylist,longevitylist.com
EarnBetter,earnbetter.com
Randstad,randstad.com
,rightbalance.io
,alpinesg.com
,getwork.com
,speedyservices.com
,rosscare.co.uk
The Media Image,the-media-image.com
Handelsbanken,handelsbanken.co.uk
Egress Software,egress.com
Economist Group,economistgroup.com
,mlodych.com
,ods.ai
Toptal,toptal.com
Tines,tines.com
Nextech Group,nextech-group.co.uk
Contractors Network,oraclecontractors.com
Konker Ltd,konkergroup.com
"ZRG Partners, LLC.",zrgpartners.com
ZRG Partners,zrgpartners.com
Zealousagency,zealousagency.co.uk
a Science Festival pa,datasciencefestival.com
Sixworks,sixworks.net
Sr2 Rec Ltd,sr2techforimpact.com
"Consortium of Lesbian, Gay, Bisexual and Transgender Voluntary and Community Organisations Limited",consortium.lgbt
dataanalystjobs.io,dataanalystjobs.io
Saalari,saalari.com
4rfv,4rfv.co.uk
Jobster,jobster.com
Incheck,incheck.software
IT Global Consulting Ltd.,itglobalconsulting.co.uk
Alfalaval,alfalaval.it
Axis Corporate,axiscorporate.com
Axis Corporate,axiscorporate.com
Axis Corporate,axiscorporate.com
Darpankar Technologies,darpankar.com
Efectohost,efectohost.com
Faringdon Free Press,faringdon.org
Faringdon Free Press,faringdon.org
JLP Insights & Media website,jlpinsightsandmedia.co.uk
Northampton Business Directory,northampton-business-directory.com
Service Design Magazine,service-design.co
Sorption Hub,sorptionhub.com
Twlife,twlife.co.uk
Overseasdigitaltech,overseasdigitaltech.com
Anaesthetists,anaesthetists.org
Green Quid Limited.,greenquid.net
Hs Mittweida,hs-mittweida.de
Quick Quote Life Limited,qq-life.co.uk
Primecertification,primecertification.co.uk
Onestopndt,onestopndt.com
RED Global,redglobal.nl
Jointaro,jointaro.com
Institute of Project Management,instituteprojectmanagement.com
Robertwalters,robertwalters.de
55 Redefined Ltd,55redefined.co
Redefined Ltd,life-redefined.co
RNLI Shop. RNLI College Limited,rnli.org
Sports Tech Group,sportstechgroup.org
MCSGroup,mcsgroupusa.com
HipHopTune Media,hiphoptune.org
What's On In Twickenham,whatsonintwickenham.com
UK Environmental Law Association,ukela.org
Scholarships Cafe,scholarshipscafe.com
tendersglobal,tendersglobal.net
Anemoimarine,anemoimarine.com
Ann Summers Limited,annsummers.com
Data Maturity Assessment,data.org
DevOps Pro,devopspro.lt
Dexters,movingspace.com
Forest Camping Limited,forestryengland.uk
Ilfordbid,ilfordbid.com
Newsweek,30pps.com
Nextradar,nextradar.dev
Ocean Red Partners Limited,oceanredpartners.com
PT group,hcrlawcareers.com
Ricardoinfo,ricardoinfo.com
Rowcroft Hospice,rowcrofthospice.org.uk
Skipton International Ltd,skipton.co.uk
Teledynecml,teledynecml.com
The Open Data Institute,theodi.org
Themodems,themodems.com
WSP,opusmena.ae
Wythenshawe Community Housing Group,wchg.org.uk
Lily Lifestyle,lilylifestyle.co.uk
Futureshaper,futureshaper.com
Hearst Global Solutions,hearstglobalsolutions.com
Myomek,myomek.com
"AvangEmail, LLC.",avangemail.com
Toss,toss.im
CIS Security Ltd,cis-security.co.uk
,wearetechwomen.com
,collabtalentsolutions.co.uk
Cyber UK,cyber-uk.com
Edinburgh City Football Club Limited.,edinburghcityfc.com
Entrepreneur First,entrepreneurfirst.org.uk
Freelancer Technology Pty,freelancer.pt
Gamecompanies,gamecompanies.com
in Sheffield,whatsoninsheffield.com
ISBAN - Grupo Santander,santanderdigitalservices.com
"Islamic Relief Worldwide, Inc.",islamic-relief.org
Locate,locate.im
Microtech Global,microtech-global.com
NTT DATALtd,nttdatajobs.com
Opportunitiesforher,opportunitiesforher.com
Premier Christian Communications Ltd,premier.org.uk
Preston Jobs,prestonjobs.com
Sandwich Infant,sandwich-infant.kent.sch.uk
Sponsorship Jobs UK,sponsorshipjobsuk.co.uk
Digital Umbrella Web Technologies,digitalumbrellawebtechnologies.com
Polkadot,polkadot.com
Agilis Search Ltd,agilissearch.co.uk
Agilisys,agilisys.gg
Blockchain121,blockchain121.com
Oliver James,oliverjames.de
Dcha,dcha.co.uk
Linux Magazine,linux-magazine.com
Bayer Group,bayerforground.com
Citytech,citytech.careers
Land Rover,landrover.com.mt
Land Rover,landrover.com.mt
Land Rover,landrover.com.mt
Minimal,minimal.gallery
Minimal,minimal.gallery
more. As,more.as
Peerlist Inc.,internshipp.com
Peerlist Inc.,internshipp.com
RED Global,redglobal.pl
RED Global,redglobal.pl
Zens Consultancy Ltd,zensconsultancy.co.uk
Zens Consultancy Ltd,zensconsultancy.co.uk
My Next Stage,mynextstage.co
"Monad Labs, Inc.",monad.xyz
Advance TRS Management Consultancy,atrs-mc.com
GreenPro,greenpro.co.uk
S&P Computersysteme GmbH,sup-logistik.de
Hiya Energy,hiyaenergy.com
Toolstation Ltd,toolstation.com
Lowe Corporation,lowerentalcorporation.com
Vegner Group,vegnergroup.com
Software & Consulting Ltd,altkomsoftware.com
"The Rundown AI, Inc.",therundown.ai
Georgian Partners,georgian.io
"Bankless, LLC",bankless.com
Django REST framework,django-rest-framework.org
MM Digi,mmdigi.co.uk
Promote Project,promoteproject.com
TalFlow,talflow.ai
TechBrains,techbrains.org
Thrive Architects Limited,thrivearchitects.co.uk
The Branding Journal,thebrandingjournal.com
First Intuition Ltd,firstintuition.co.uk
RedHolt Ltd,redholt.net
Monterro AB,monterro.com
Wolseley UK Limited,wolseley.co.uk
Searchability Inc,searchability.co.uk
CyberNorth,cybernorth.biz
Motorsport Hackers,motorsporthackers.com
EmPro Consultants Ltd,emprogroup.co.uk
Marston’s PLC,marstonsinns.co.uk
The Design Project,designproject.io
Novomorphic,novomorphic.com
Success Stream,success-stream.co.uk
RemoteWorkGate,remoteworkgate.com
Micro Technologies,microtechnologies.com
Odgers Connect,odgersconnect.com
Optimus E2E,optimuse2e.com
The Business Year FZ LLC.,thebusinessyear.com
FMG Repair Services Limited,fmgrepairservices.co.uk
ZIGUP plc,zigup.com
Cyber Security training courses,cybersecuritytrainingcourses.com
RED Global,redglobal.fr
Scholarshipdb,scholarshipdb.net
St George's Academy,st-georges-academy.org
Oxford Product Design Limited,oxfordproductdesign.com
The Industry Games Association,tiga.org
The Richmond Fellowship Scotland,trfs.org.uk
Tomorrowlondon,tomorrow-worldwide.com
Euraxess,euraxess.pl
Netcentric Deutschland GmbH,netcentric.biz
Britsoccrim,britsoccrim.org
Pinoy SEO,pinoyseo.ph
SD Worx,sdworx.se
Stackable,stackable.de
Strabag,strabag.be
Unilever Food Solutions,unileverfoodsolutions.de
Unist,unist.hr
Betfred Group,betfredgroup.com
Britsoccrim,britsoccrim.org
Fidelity,fidelity.com.cn
IMR Executive Limited,imrexecutive.com
Connecting Medtech,connecting-medtech.com
IMR Executive Limited,imrexecutive.com
Aylesbury,aylesbury.info
Capvartis,capvartis.com
Cyber Crime,websitecyber.com
Destinydot.com,destinydot.com
Flowfav,flowfav.com
Jonesbeachtheater,northwellatjonesbeachtheater.com
Stagecoach Group,stagecoachbus.com
Techxtenders,techxtenders.tech
FLIR,flir.com
NECSCA,necsca.com
Ecom Integrations Ltd.,ecom-integrations.com
Foundation For Innovation In Real Estate,proptechtalent.org
SWAST,swasft-joinus.co.uk
The Knowledge Transfer Network Limited,iuk-ktp.org.uk
Belhati,belhati.com
CMS SuperHeroes,cmssuperheroes.com
MQL5 Service,mql5.com
Domino Printing,domino-printing.com
i-confidential Limited,i-confidential.com
Scottish Enterprise,scottish-enterprise.com
Metaplanet Inc.,metaplanet.com
The Business Year FZ LLC.,thebusinessyear.com
The Business Year,thebusinessyear.com
West of Scotland KTP Centre,ktpws.org.uk
Coventry Building Society,coventrycareers.co.uk
Coventry Building Society,thecoventry.com
Colchester United FC,cu-fc.com
Igbaffiliate,igbaffiliate.com
Jobs in IT,jobsinit.net
Krispy Kreme Ireland Limited,krispykreme.ie
Newskit,newskit.co.uk
Infotec,infotec.news
Eequ Ltd,eequ.org
PhotoXport Global Limited,photoxport.com
Housing Quality Network,hqnetwork.co.uk
BW Legal,bwlegal-business.co.uk
SheetMedia,sheetmedia.com
Many Group,many-group.com
Membership Matters,membershipmatters.coop
SCM Portal Ltd,scm-portal.net
IQUW Group,iquwgroup.com
YALLO,yallo.group
ESAB Corporation,esab.com
NCube Ltd.,ncube.com
techplusuk,techplusuk.com
Saffron Building Society,saffronbs.co.uk
The Homebase AI,thehomebase.ai
GAN Integrity Inc,ganintegrity.com
Strabag International,strabag.com
Telegraph Media Group,telegraphmediagroup.com
The Pixel Movement,pixelmovement.io
Abundantcode,abundantcode.com
Hacker Typer,hackertyper.net
West Midlands Combined Authority,wmca.org.uk
User Experience Association,uxa.org.uk
Everything Managed Group,everythingmanaged.co.uk
SCSC Steering Group,scsc.uk
Yourdigitalfuture,yourdigitalfuture.co.uk
Haystack,haystackapp.io
whoandwhy,whoandwhy.co.uk
Zitko Group,zitko.co.uk
Infinitetalent,infinitetalent.co.uk
Doing Good Leeds,doinggoodleeds.org.uk
Investinwestlothian,investinwestlothian.com
helloprima,helloprima.es
Kandou bus SA,kandou.ai
Seoglider,hireseoninja.com
Spotlight Promotions Inc,spotlightsf.com
B.J.O.R.N. Ltd,bjorn.ltd
Puma Growth Partners,pumagrowthpartners.co.uk
IGLU Red Orange Corp,iglu.net
Dow Jones,dowjones-sales.jobs
JAAQ Corporate Limited,jaaq.app
Mudcake,mudcake.com
Quiero Navegar,quieronavegar.app
Dkrin,dkrin.com
KYOCERA Corporation,kyocerads-group.co.uk
Aperio,aperiogroup.com
Clubnet,clubnet.digital
Fusion Dev,fusiondev.cloud
Macro Array Diagnostics GmbH,madx.com
Asmodee Group,asmodee.co.uk
Solana Foundation,solana.org
Brakes Food Shop,brakesfoodshop.co.uk
Learn Artificial Intelligence,learnartificialintelligence.ai
Xerox Corporation,xerox.es
Fishersci,fishersci.se
Gradulink LTD,gradulink.co.uk
Portman Dental Care group.,landerdental.co.uk
Cntraveller,cntraveller.de
Attis,attisglobal.com
DCG,diversecg.co.uk
Kite Group,kite-group.com
Cooper & Hall,cooperandhall.co.uk
Women Thrive Magazine,womenthrivemagazine.com
Churches Fire Group,churchesfirecareers.com
Intrum Group,intrum.dk
Ocupacao,ocupacao.org
Vintage Tea Emporium,vintageteaemporium.co.uk
MCSGroup,mcsgroupusa.com
Georgian,georgian.io
Fastk,fastk.co.uk
Utmost International,utmostinternational.com
BrightCrew,mybrightcrew.com
Precision Labs,precisionlabs.io
Signable,signable.co.uk
Arun Estates,arunestates.co.uk
Comnexa Limited,comnexa.co.uk
Motion Applied Limited,motionapplied.com
one Alliance,onealliance.co.uk
Orbit Group,orbithomes.org.uk
The Global Circle Club Ltd,theglobalcircle.com
Yroyalties,yroyalties.co.uk
Nothing,nothing.tech
Generative Group,generativegroup.ai
Bertie,mybertie.ai
Insurance Group,insuranceage.co.uk
IoTClassifieds,iotclassifieds.com
MotoNovo Finance Limited.,motonovofinance.com
Petlab Co.,petlabco.co.uk
QVC Germany,qvc.it
Emerson Electric Corporation,emerson.cn
Flowbird Group,flowbird.com
Open CEDA,openceda.org
SR2,sr2cleanenergy.com
Goodman Masson,goodmanmasson.fr
FDM Group,fdmgroup.com
N Consulting,n-cons.co.uk
Developing Experts,developingexperts.com
Bionow,mhragcp.co.uk
Brighter Shores,brightershores.com
Chalkline Solutions Limited,chalkline.tech
Rittman Analytics ltd,wire-analytics.com
Warhammer Underworlds,warhammer.com
Moulsham,moulshamhigh.org
Devitechs,devitechs.co.uk
Physics,physics.au
spectrum-tech,spectrum-tech.co.uk
Bluetree Group,bluetreegroup.co.uk
Hammonds Furniture Limited,hammonds-uk.com
RBS Marine Ltd.,elliotts.uk
Angolia,angolia.co.uk
Globalpayments,globalpayments.cz
Gloucester Services,gloucesterservices.com
Kohler Co.,kohler.com.hk
Legend Group,legendfinancial.co.uk
Euraxess,euraxess.fo
Housing Digital,housingdigital.co.uk
Card Factory Plc,cardfactoryinvestors.com
Crown Paints Limited,crownpaints.co.uk
Govia Thameslink Railway Ltd.,gtrailway.com
Bizneedsconsulting,bizneedsconsulting.com
Design,design.google
Narrative Limited,narrativehq.com
NexaDev,nexadev.io
teessidehomes,teessidehomes.co.uk
tll consult,tllconsult.co.uk
Warsa,warsa.id
The Resume Database,theresumedatabase.com
DevLogic,devlogic.co.uk
Accessia Accessia Inc,accessia.com
Acornglobalrecruitment,acornbysynergie.com
Adzuna Ltd,adzuna.com.br
Agcsetx,agcsetx.com
AI Jobs,aijobs.app
Alan White Design Ltd,alanwhitedesign.com
Alfa Laval group,alfalaval.fr
Alfa Laval Mid Europe GmbH,alfalaval.de
Allianz Deutschland AG,allianz.de
Aquariusmasterdecorators,aquariusmasterdecorators.com
Ardagh Metal Packaging SA,ardaghmetalpackaging.com
Banks and Insurance Jobs,banksandinsurancejobs.com
Boehringer Ingelheim,boehringer-ingelheim.com
Boss Energy,boss-energy.co
Bouygues Construction,bouygues-construction.com
Built In Belfast,builtinbelfast.uk
Built In Edinburgh,builtinedinburgh.uk
Built In Manchester,builtinmanchester.uk
Builtinlondon,builtinlondon.uk
Bureauveritas,bureauveritas.co.th
CBW Staffing Solutions Ltd,cbwstaffingsolutions.com
Ciena Australia Pty,ciena.fr
Cnwlnhshealthcharity,cnwlnhshealthcharity.org.uk
Connected Local Government,connectedlocalgovernment.co.uk
Construction Group,construction.co.uk
Construction Resources Limited.,construction-resources.co.uk
CourseFeeder,coursefeeder.co.uk
Cracked.sh,cracked.sh
Defence Jobs EU,defencejobseu.com
Definitejobs Group,definitejobs.co.uk
Derwent Facilities Management Ltd,derwentfm.com
Det Norske Veritas group.,dnv.com
Developer Publish,developerpublish.com
Developingtalents,developingtalents.nl
DevJobsScanner,devjobsscanner.com
Disabilityjob,disabilityjob.co.uk
Diversejobsmatter Limited,diversejobsmatter.co.uk
EasyInfoBlog.com LLC,easyinfoblog.com
Employment Pro Limited,employment.pro
en-Afrique,en-afrique.info
Erasmusintern,erasmusintern.org
Ethereum Job Board,ethereumjobboard.com
Fachhochschule,fachhochschule.de
Fai Web Design,faiwebdesign.co.uk
global-careers-group,global-careers-group.com
hbgrecruitment,hbgrecruitment.com
ibse,ibse.hk
Independents by Sodexo,independentsbysodexo.com
isepglobal,isepglobal.org
Islington Working,islingtonworking.co.uk
IT Insights of Rochester LLC,itinsightsroc.com
IWSR Drinks Market Analysis Limited,theiwsr.com
Jackson Lift Services Limited,jacksonlifts.com
jgr-educate,jgr-educate.co.uk
Land Surveyors United,landsurveyorsunited.org
LANSS Delivery Team,lanss.uk
"LeapTalent, incorporated",leap-talent.co.uk
Local-hours,local-hours.uk
MEBO International,meboblog.com
miraitalent,miraitalent.com
"Moody's Analytics, Inc.",economy.com
Motorjobs,motorjobs.com
Nationalmuseums,nationalmuseums.org.uk
No7 Beauty Company,no7company.co.uk
No7 Company,no7company.com
Nomios Germany GmbH,nomios.de
Northgate Vehicle Hire Limited,northgatevehiclehire.co.uk
PA2 Assist,pa2assist.com
Pathdesignrecruitment,path.london
Peritus Limited.,peritusrecruits.com
Pickerings Ltd,pickeringslifts.co.uk
Pinnacle Hire Pty,pinnaclehire.com.au
Procurement Mag,procurementmag.com
Projectmanagertemplate,projectmanagertemplate.com
Queer Tech,queertech.org
Rbsafetyconsultants,rbsafetyconsultants.com
Richmond Pharmacology Ltd,richmondpharmacology.com
School of UX,schoolofux.com
Scott Dunn Ltd.,scottdunn.com
Scott Fraser Limited,scottfraser.co.uk
Scottish Council for Voluntary Organisations,scvo.scot
Scottish Event Campus Limited,sec.co.uk
Scottish Friendly,scottishfriendly.co.uk
Seerrecruit,seerrecruit.com
Sefton,sefton.gov.uk
Sheffield Business,sheffield-business.co.uk
Shell Philippines Exploration B.V,shell.com.ph
Smart4chemicals,smart4chemicals.com
Solu Talent,solutalent.com
Sonardyne International,sonardyne.com
Space NK Limited,spacenk.com
SpareRoom Flatshare Ltd.,spareroom.co.uk
"Spire Global, Inc.",spire.com
StartUs GmbH,startus.cc
Strata Project Solutions,stratadigital.io
"Stratacache, Inc.",stratacache.com
STS Aviation Group,stsaviationgroup.com
SumUp Inc.,sumup.com
Supply Chain Corporation Limited,supplychain.nhs.uk
Swanseatrialsunit,swanseatrialsunit.org
Taylor Wimpey,taylorwimpey.co.uk
Tech-People (South) Ltd,tech-people.co.uk
Technex Talent Ltd.,technextalent.co.uk
Technically Gifted,technicallygifted.com
TESOL International,tesolswel.org
Teva Pharmaceutical Industries Ltd.,tevapharm.com
The Training Brokers Ltd,thetrainingbrokers.co.uk
The Two Percent,thetwopercent.co.uk
The10minutecareersolution,the10minutecareersolution.com
This Is Engineering,thisisengineering.org.uk
Threesixfive,threesixfive.es
Torrens University & Cura Day Hospitals Group,torrens.edu.au
Totalwellnessacupuncture,totalwellnessacupuncture.com
Triathlonscotland,triathlonscotland.org
Tribed,tribed.com.au
TSA Riley Limited,tsariley.com
UK S&C Associatio,uksca.org.uk
UK Shared Business Services Ltd,uksbs.co.uk
Unilever Brasil Ltda.,unilever.com.br
Unilever Consumer Care Limited,unilever.fr
UWA,uwa.edu.au
Vacaturesinfarma,vacaturesinfarma.nl
Voluntary Sector Gateway,voluntarysectorgateway.org
We Work Remotely Ltd.,weworkremotely.com
Wearehomesforstudents,wearehomesforstudents.com
Wellcome Trust,wellcome.org
West Monroe,westmonroe.com
Wicked Origami Ltd.,wo.dev
Wilson Bathroom Company,wilsonbathroomcompany.co.uk
Wilson Partners Limited,wilson-partners.co.uk
withcode,withcode.uk
Work180,work180.com.au
Workbeyond,workbeyond.io
Wright Vigar Limited,wrightvigar.co.uk
Wtalent,wtalent.com
Wyndhamsoftware,wyndhamsoftware.com
Xp Freelancer International Ltd,xpfreelancer.com
Agents,agents.one
Gramgames,gramgames.net
Tangerine Feed,tangerinefeed.net
TheASPA,theaspa.org
Holtzbrinck Publishing Group,holtzbrinck.com
Innocent,innocent.fr
B. Braun Group,bbraun.co.uk
Edenbrook Limited,weareedenbrook.com
Florencialeonard,florencialeonard.com
G 3d,g-3d.co.uk
Getsubstance,getsubstance.co
Harvey Nash Group,harveynash.co.uk
NRL Group Ltd,nrlrail.co.uk
Oscabe Ltd,oscabe.com
Patchwork Hub Ltd,patchworkhub.org
WA Consultants Ltd,waconsultants.com
"Marcus The Goldman Sachs Group, Inc.",marcus.com
Radix Solutions,radixsolutions.co.za
algojobs,algojobs.io
Ao Jobs,ao-jobs.com
Belfast Professionals,belfastprofessionals.co.uk
Biospectrumjobs,biospectrumjobs.com
Birminghamprofessionals,birminghamprofessionals.co.uk
Buckinghamshire Professionals,buckinghamshireprofessionals.co.uk
Cabrightonhove,cabrightonhove.org
Candid Jobs Limited.,candidjobs.co.nz
Cardiff Professionals,cardiffprofessionals.co.uk
Careers,careers.abb
carlyle,carlyle.com
Carrot Recruitment,carrotrecruitment.com
CASES Conference,casesconference.co.uk
CastleBell Recruitment Ltd,castlebell.co.uk
Cdw Government LLC,cdwg.com
Cheshire Professionals,cheshireprofessionals.co.uk
Chester Professionals,chesterprofessionals.co.uk
Coalesce Recruitment Ltd.,coalescerecruitment.co.uk
Codex Recruitment Ltd.,wearecodex.team
CoGri Engineering Ltd,cogri-engineering.com
Colossus Recruitment Ltd,colossusrecruitment.com
Digital Health Jobs,digital-health-jobs.com
Driffieldinfantschool,driffieldinfantschool.co.uk
Dubai Professionals,dubaiprofessionals.com
Dublin Professionals,dublinprofessionals.com
Edinburgh Professionals,edinburghprofessionals.co.uk
Educatingengineers,educatingengineers.com
Educators Wales,educators.wales
Essex Professionals,essexprofessionals.co.uk
Europe Professionals,europeprofessionals.com
"FreePostjobs, Inc.",freepostjobs.com
GenAI Jobs,genai.jobs
Genesis Oil and Gas Consultants Ltd.,genesisenergies.com
Get Jobzi,getjobzi.com
Glasgow Professionals,glasgowprofessionals.co.uk
Hampshire Professionals,hampshireprofessionals.co.uk
Haringey Climate Forum,haringeyclimateforum.org
Harwell Science and Innovation Campus,harwellcampus.com
Health and Social Care Northern Ireland,hscni.net
Help Volunteereastlothian,volunteereastlothian.org.uk
Hertfordshire Professionals,hertfordshireprofessionals.co.uk
Hexjobs,hexjobs.com
HomeServe Membership Ltd,homeserve.co.uk
Hornseaprimaryschool,hornseaprimaryschool.net
Howdens Joinery Ltd,howdens.com
HUCTW Anti-Racism Group,huctw.org
i3Works Ltd,i3works.co.uk
Institute of Practitioners in Advertising,ipa.co.uk
Ireland Professionals,irelandprofessionals.com
Jobgether SRL,jobgether.com
Jobsinforex,jobsinforex.com
Lancashire Professionals,lancashireprofessionals.co.uk
Leeds Professionals,leedsprofessionals.co.uk
Liverpool Professionals,liverpoolprofessionals.co.uk
Lockingtonprimary,lockingtonprimary.co.uk
London Professionals,londonprofessionals.co.uk
Macquarie University,mq.edu.au
micro1 Inc.,micro1.ai
Molecular Diversity Preservation International,mdpi.com
MTS Recruitment,mts-recruitment.co.uk
"Norbrook, Inc.",norbrook.com
Northern Stages’ group,northernstage.co.uk
Notodoanimacion,notodoanimacion.es
Nottingham Professionals,nottinghamprofessionals.co.uk
Pearse Professionals Ltd,pearseprofessionals.com
Peartalent,peartalent.co.uk
Perform Group,statsperform.com
Purely Recruitment Solutions Ltd,purely-recruitment.co.uk
Qatar Living Jobs,qatarlivingjobs.com
React Recruitment Ltd,reactrecruit.co.uk
Recruit4Mum,recruit4mum.com
Recruitment Republic,recruitment-republic.co.uk
Rhythm Careers,rhythmcareers.com
Rockpool Executive Recruitment Ltd,rockpoolexecutiverecruitment.co.uk
SelectStaff Recruitment,selectstaff.co.uk
Sheer Jobs Limited,sheerjobs.com
Surrey Professionals,surreyprofessionals.co.uk
Sussex Professionals,sussexprofessionals.co.uk
TDRS Recruitment Ltd,tdrsrecruitment.com
The Security Event,thesecurityevent.co.uk
The Teacher Job Search,theteacherjobsearch.com
The Work From Home Hub,theworkfromhomehub.co.uk
Thebrookeindia,thebrooke.org
Thomsonreuterslatam,thomsonreuters.com.ar
UK Job Network,ukjobnetwork.com
University of Newcastle,newcastle.edu.au
Whitestone Resourcing,whitestone-resourcing.com
Women in Rail,womeninrail.org
Xprt Dev,xprt.dev
Synergy Resourcing Solutions Limited,synergy-rec.com
Abdullahfarhan,abdullahfarhan.com
Airport Placements,airportplacements.co.uk
Altran,altran.cn
Cbrekorea,cbrekorea.com
Oliver James,oliverjames.nl
Teacheastriding,teacheastriding.co.uk
Anglo American Platinum Limited,angloamericanplatinum.com
Burwell Help Group,burwell.co.uk
Til Technologies,til-technologies.com
We Served,weserved.com
Bindbridge,bindbridge.com
Forwardfuture,forwardfuture.ai
Notable Capital,notablecap.com
Lawhive,lawhive.com
Hubmub,hubmub.com
Arthritis UK,arthritis-uk.org
Berkshire Professionals,berkshireprofessionals.co.uk
Bristol Professionals,bristolprofessionals.co.uk
Broadbench Recruitment Limited,broadbench.com
Cedar Recruitment Ltd,cedarrecruitment.com
Chicago Professionals,chicagoprofessionals.com
Devitechs,devitechs.com
Haysi Ventures Limited,haysi.co.uk
Hello Recruitment Associates Ltd,hellorecruitment.co.uk
Howett-Thorpe Recruitment Consultants Limited,howett-thorpe.co.uk
In Manchester,whatsoninmanchester.com
Kent Professionals,kentprofessionals.co.uk
Longevity Jobs,longevityjobs.org
Madrid Professionals,madridprofessionals.com
Milan Professionals,milanprofessionals.com
MrWeb Ltd.,mrweb-ic.com
"MUFG Bank, Ltd",mufgemea.com
Newham Teacher Recruitment,teachnewham.co.uk
Pelpr Ltd,pelpr.io
PeopleOps Jobs,peopleopsjobs.io
Redline Executive,redlineexecutive.com
San Diego Professionals,sandiegoprofessionals.com
Swan Recruitment Limited,swanrecruitment.com
wearetecrec,wearetecrec.com
Empllo,Empllo.com
The Engage Partnership,The Engage Partnership Recruitment
Smppl,smppl.in
Britlogic,britlogic.com
globalrcl,globalrcl.com
Access Ltd,actiononaccess.org
E-zec Medical Transport Services Ltd.,emedgroup.co.uk
Happy Techies,happytechies.com
The Engage Partnership,theengagepartnership.com
Panic Stations,panicstations.com
Searchable,searchable.com
Stadium Scene,stadiumscene.tv
Starion Group,stariongroup.eu
Talenzon,talenzon.com
Tech Ninjas,tech-ninjas.co.uk
VIVO Defence Ltd,vivodefence.com
Breakout Tools,breakouttools.com
Cometiq,cometiq.com
HoopAI,hoopai.com
Quorn Foods group,quorn.ie
zenrox,zenroxmed.co.uk
RecCreate Ltd,reccreate.co.uk
Stratospherec Ltd,stratospherec.com
Certfee,certfee.com
XMPP,xmpp.com
Filament Syfter,filament.ai
EBM,enterprisebotmanager.com
Procurescape,procurescape.com
Wagestream,stream.co
Stream,stream.co
stream.co,stream.co
Afcatnat,afcatnat.pl
Athena Worlds,athenaworlds.co.uk
Autolomous LTD,autolomous.com
Automobile Association Developments Ltd.,theaacareers.co.uk
Axion exchange,axionexchange.io
Birmingham City Council,birmingham.gov.uk
Bizzdart,bizzdart.com
Canada Life and Irish Life,irishlife.ie
Elavon,elavon.pl
Endeavour Is,endeavour-is.com
First Advantage,fadv.com
Gate One Ltd,gateoneconsulting.com
Golden United Kingdom,goldenunitedkingdom.com
hirehire,hirehire.ai
Ifmosa work,ifmosawork.com
Inside Housing Management,insidehousingmanagement.co.uk
Instinet Incorporated,instinet.com
Interview Plus,interviewplus.ai
Jack & Jill/External ATS,jackandjill.ai
Jaguar Land Rover Careers,jaguarlandrovercareers.com
Jones Lang LaSalle Incorporated,jll.nl
LexisNexis Special Services Inc.,lnssi.com
M25 Limited,connectplusm25.co.uk
Microsoft Inc.,microsoft.design
Muzli X ltd.,muz.li
Next Plc,nextplc.co.uk
Next Retail Ltd,next.co.il
Norwest Venture,norwest.com
OnlyiGaming,onlyigaming.com
Perpl,perpl.xyz
Professor Doctor Obi,independent.irish
Quantum Security Pte. Ltd.,quantum.security
Quantumjobslist,quantumjobslist.com
ReactWise Technologies Ltd.,reactwise.com
Redbullmusicstudios,redbullmusicstudios.com
refresh,refresh.cv
Research,research.google
"Rimini Street, Inc",riministreet.com
Roche Diagnostics International Ltd.,roche.ch
Runware,runware.ai
Sanderson Plc,sandersonplc.com
Sony Music Entertainment China Ltd.,sonymusic.com.cn
Startup Talents,startuptalents.tech
Takeaway,takeaway.com
Tesco Insurance,tescoinsurance.com
Testcon,testcon.lt
The Scarlet Company Group,scarlet.cc
"The Solutions Team, Inc.",mysolutionsteam.com
Trade Association Forum Ltd,taforum.org
Voice AI Space,voiceaispace.com
Wehavespaceforyou,wehavespaceforyou.com
YETI Canada Limited,yeti.ca
Deutsche Bank,deutsche-bank.com
Opulio Global,opulioglobal.com
Shark Clean,sharkclean.co.uk
HEZALT,hezalt.com
Newstartmag,newstartmag.co.uk
SignalsAPI,signalsapi.com
Attivogroup,attivogroup.co.uk
Dezignora,dezignora.com
SecureTest Partners,securetestpartners.com
WeDo,wedotech.uk
InsignisTalent,insignistalent.com
Make UK,makeuk.org
Abbott Laboratorios do Brasil Ltda.,abbottbrasil.com.br
Airedale International Air Conditioning Ltd,airedale.com
Andisa IT Consultants Ltd,andisa.net
Animal Trust Limited,animaltrust.org.uk
Aston Martin Formula 1,astonmartinf1.com
Barrett Steel Limited,barrettsteel.com
BaseKit,basekit.com
Bennetts Motorcycling Services Limited,bennetts.co.uk
BlockchainHQ,blockchainhq.xyz
Bond Brand Loyalty,bondbl.com
Canada Pension Plan Investment Board,cppinvestments.com
Chiesi Global Rare Diseases,chiesirarediseases.com
Data Freelance Hub,datafreelancehub.com
Dawsongroup PLC Company,dawsongroupenergysolutions.com
Edyn,findingedyn.com
EG On The Move LTD.,eg-otm.com
Eircom,eir.ie
Elsa Ai,elsa-ai.eu
ELTRA GmbH,eltra.com
FDJ United group,fdjunited.com
Gekko Partners Ltd.,gekkorecruitment.com
General Mills Inc.,generalmills.fr
Hammersmith Business,hammersmithbusiness.co.uk
Honda Dreams Tour,honda-dreams-tour.com
Hutch,hutch.lk
Investissements RPC,investissementsrpc.com
Jones Whyte LLP,joneswhyte.co.uk
Kryptos Technologies limited,kryptostech.com
Laddaw Ltd,laddaw.co.uk
LevelBlue,levelblue.com
Liberty Information Technology,libertyit.com
London Early Years Foundation,leyf.org.uk
Lstmed,lstmed.ac.uk
MBDA,mbda-systems.com
Morgan Advanced Materials,morganadvancedmaterials.com
Newsnowgh,newsnowgh.com
Northumbria Police,northumbria.police.uk
Ocado Logistics,ocado.com
Octopus Group,octopus.energy
Olix Computing Limited,olix.com
OnHires,onhires.com
Orkney Gin Company,orkney.com
Project Global Limited,project-global.com
Project44 Inc.,project44.com
RedTech Recruitment Ltd.,redtech-recruit.com
RemotifyEurope,remotifyeurope.com
RFCSR,rfcsr.org
Rocco Forte Hotels,roccofortehotels.com
Selfmoneycare,selfmoneycare.com
Shockbyte,shockbyte.com
Shopper Media Group,capture.team
Society of Research Software Engineering,society-rse.org
Spellmanhv,spellmanhv.com
Studio Gobo Limited,studiogobo.com
Tata Steel UK,tatasteeluk.com
Tesco Mobile Ltd,tescomobile.com
The Product Counsel,theproductcounsel.com
Thebankingacademy,thebankingacademy.com
Theconnect,theconnect.pro
Vorboss Limited,vorboss.net
Warner Leisure Hotels,warnerhotels.co.uk
Weareunicorn,weareunicorn.io
Weredog,weredog.co.uk
Wyfs,wyfs.co.uk
Ziphire.hr,ziphire.hr
FinOps Weekly,finopsweekly.com
,isometric.com
,askattest.com
,vorboss.com
,meticulous.ai
,seccl.tech
,totallymoney.com
,capuk.org
,trustpilot.com
Macmillan Cancer Support,macmillan.org.uk
Longshot Systems,longshotsystems.co.uk
Risk Ledger,riskledger.com
Level Financial Technology,levelft.com
Travtus,travtus.com
QuantSpark,quantspark.com
VoCoVo,vocovo.com
Fundment,fundment.com
Futureheads Recruitment,wearefutureheads.com
9fin,9fin.com
Fifth Dimension,fifthdimensionai.com
Aspect Capital,aspectcapital.com
Antillion,antillion.com
Circuit Mind,circuitmind.io
SeatPlan.com,seatplan.com
LV=,lv.com
Zopa,zopa.com
Global Relay,globalrelay.com
Atomic,atomicmedia.co.uk
iwoca,iwoca.co.uk
Artificial,artificial.io
Centra,centra.com
Tendable,tendable.com
TreasurySpring,treasuryspring.com
Dunelm,dunelm.com
ONVU Tech,onvutech.com
Easyship,easyship.com
Which?,which.co.uk
TransFICC,transficc.com
Palindrom,palindrom.ai
DuckDuckGo,duckduckgo.com
Flock,flockcover.com
Syntasso,syntasso.io
Advai Ltd,advai.co.uk
OpenAsset,openasset.com
Prolific,prolific.co
Zest Group,zestgroup.vc
Wave Talent,wavetalent.co
Trayport,trayport.com
Abtrace,abtrace.co
Florence,florence.co.uk
Capi Money,capimoney.com
Zinc,zinc.work
Rise Talent Ltd,risetalent.io
Spruce,spruce.eco
Zora Ecosystems,zora.eco
Formula Recruitment,formularecruitment.co.uk
Popsa,popsa.com
RWE,rwe.com
Creo Recruitment,creorecruitment.com
ICE - International Copyright Enterprise GmbH,iceservices.com
annwn,annwn.ai
Forge Sports,forge-sports.com
Grabyo,grabyo.com
Vallorii,vallorii.com
mOOvIQ Limited,addooco.it
Titanbay,titanbay.com
Eucalyptus,eucalyptus.vc
Cloud Gateway,cloudgateway.co.uk
IAG Loyalty,iagloyalty.com
ecce.,ecce.uk
Sparta Commodities,spartacommodities.com
Moneycorp,moneycorp.com
Utility Warehouse,uw.co.uk
ClearRoute,clearroute.io
Matchtech,matchtech.com
YouLend,youlend.com
Thought Machine,thoughtmachine.net
Triad Group Plc,triad.co.uk
Noon Academy,noonacademy.com
Capsa AI,capsa.ai
Unleash,unleash-hosted.com
Redgate Software,red-gate.com
Slalom,slalombuild.com
Loomery,loomery.com
Vega,vega.investments
Opencast,opencastsoftware.com
Ebury,ebury.com
Bauer Media Outdoor,bauermediaoutdoor.com
Dragonfly,askdragonfly.com
Xapien,xapien.com
Azzurri Group,azzurrigroup.co.uk
Morta,morta.io
Motion Applied,mclaren.com
Haven,haven.com
Opply,opply.io
DeepL SE,deepl.com
Xantura,xantura.com
Bullish,bullish.com
NLPatent,nlpatent.com
Skin Analytics,skin-analytics.com
Magentic,magentic.com
JUXT,juxt.pro
Searchland,searchland.co.uk
Cog Design,cogdesign.com
Muzz,muzz.com
PortSwigger,portswigger.net
Trade Republic,traderepublic.com
MuBit,mubit.ai
CrossTech,crosstech.co.uk
Walr Group Ltd,walr.com
Buzztrial,buzztrail.ai
Partnerize,partnerize.com
Cookpad,cookpad.com
American Express,americanexpress.com
Hitachi Vantara,hitachivantara.com
Emtec,emtec.io
Starling,starlingbank.com
GlobalLogic UK&I,globallogic.com
Depop,depop.com
Aslan,aslanpay.co.uk
OnBuy,onbuy.com
Ledgy,ledgy.com
Ocado Technology,ocadogroup.com
Lumilinks,lumilinks.com
Applied Data Science Partners,adsp.ai
Tau Marketing Solutions,taums.ai
TigerGraph,tigergraph.com
Camion Energy,camion.energy
Landytech,landytech.com
HomeServe Finance,homeserve.com
TechShack Recruitment,tech-shack.co
Catapult,catapultlabs.xyz
Tab,tab.travel
Diesta,diesta.co.uk
Santander Auto Software,santander.co.uk
AKQA,akqa.com